Model,Silhouette Score
KMeans,0.3066121886097751
GMM,0.3085967663915576
Spectral,0.31271642125205873
