Number of Clusters,Silhouette Score
2,0.38978067
3,0.31127977
4,0.34225202
5,0.36336264
6,0.44229832
7,0.4095057
8,0.35305595
9,0.33460006
10,0.38474336
